{"_wandb":{"runtime":10533},"train/steps":20000,"train/episodes":1605.1498557873178,"_timestamp":1.7656977623062158e+09,"train/grad_norm":0.05996463743969798,"train/lr":2.5079586201270073e-06,"train/samples":1280000,"_step":20000,"train/loss":0.005449844058603048,"_runtime":10533.980432027,"train/dataloading_s":0.05124019560869783,"train/update_s":0.4815324534336105,"train/epochs":53.50499519291059}