{"train/samples":1280000,"train/epochs":32.05930972298753,"train/dataloading_s":0.0620918040536344,"train/update_s":0.48365420910064133,"_wandb":{"runtime":10458},"_runtime":10458.288684357,"train/episodes":1602.9654861493764,"train/lr":2.5079586201270073e-06,"_timestamp":1.7656636543086886e+09,"train/loss":0.004649503622204065,"train/grad_norm":0.0807700746692717,"_step":20000,"train/steps":20000}